"","UNIT_CODE","UNIT_NAME","NetworkCode","NetworkName","Linked_UNIT_CODE","Linked_UNIT_NAME"
"1","ABLI","Abraham Lincoln Birthplace National Historical Park","CUPN","Cumberland Piedmont Network",NA,NA
"2","ACAD","Acadia National Park","NETN","Northeast Temperate Network",NA,NA
"3","ADAM","Adams National Historical Park",NA,NA,NA,NA
"4","AFBG","African Burial Ground National Monument",NA,NA,NA,NA
"5","AGFO","Agate Fossil Beds National Monument","NGPN","Northern Great Plains Network",NA,NA
"6","ALAG","Alagnak Wild River","SWAN","Southwest Alaska Network",NA,NA
"7","ALFL","Alibates Flint Quarries National Monument","SOPN","Southern Plains Network",NA,NA
"8","ALKA","Ala Kahakai National Historic Trail","PACN","Pacific Island Network",NA,NA
"9","ALPO","Allegheny Portage Railroad National Historic Site","ERMN","Eastern Rivers and Mountains Network",NA,NA
"10","AMCH","Amache National Historic Site",NA,NA,NA,NA
"11","AMIS","Amistad National Recreation Area","CHDN","Chihuahuan Desert Network",NA,NA
"12","AMME","American Memorial Park","PACN","Pacific Island Network",NA,NA
"13","ANDE","Andersonville National Historic Site",NA,NA,NA,NA
"14","ANIA","Aniakchak National Monument & Preserve","SWAN","Southwest Alaska Network",NA,NA
"15","ANJO","Andrew Johnson National Historic Site",NA,NA,NA,NA
"16","ANTI","Antietam National Battlefield","NCRN","National Capital Region Network",NA,NA
"17","APCO","Appomattox Court House National Historical Park","MIDN","Mid-Atlantic Network",NA,NA
"18","APIS","Apostle Islands National Lakeshore","GLKN","Great Lakes Network",NA,NA
"19","APPA","Appalachian National Scenic Trail","NETN","Northeast Temperate Network",NA,NA
"20","ARCH","Arches National Park","NCPN","Northern Colorado Plateau Network",NA,NA
"21","ARHO","Arlington House, The Robert E. Lee Memorial","NCRN","National Capital Region Network",NA,NA
"22","ARPO","Arkansas Post National Memorial","HTLN","Heartland Network",NA,NA
"23","ASIS","Assateague Island National Seashore","NCBN","Northeast Coastal and Barrier Network",NA,NA
"24","AZRU","Aztec Ruins National Monument","SCPN","Southern Colorado Plateau Network",NA,NA
"25","BADL","Badlands National Park","NGPN","Northern Great Plains Network",NA,NA
"26","BAND","Bandelier National Monument","SCPN","Southern Colorado Plateau Network",NA,NA
"27","BELA","Bering Land Bridge National Preserve","ARCN","Arctic Network",NA,NA
"28","BEOL","Bent's Old Fort National Historic Site","SOPN","Southern Plains Network",NA,NA
"29","BEPA","Belmont-Paul Women's Equality National Monument",NA,NA,NA,NA
"30","BIBE","Big Bend National Park","CHDN","Chihuahuan Desert Network",NA,NA
"31","BICA","Bighorn Canyon National Recreation Area","GRYN","Greater Yellowstone Network",NA,NA
"32","BICR","Birmingham Civil Rights National Monument",NA,NA,NA,NA
"33","BICY","Big Cypress National Preserve","SFCN","South Florida/Caribbean Network",NA,NA
"34","BIHO","Big Hole National Battlefield","UCBN","Upper Columbia Basin Network",NA,NA
"35","BISC","Biscayne National Park","SFCN","South Florida/Caribbean Network",NA,NA
"36","BISO","Big South Fork National River and Recreation Area","APHN","Appalachian Highlands Network",NA,NA
"37","BITH","Big Thicket National Preserve","GULN","Gulf Coast Network",NA,NA
"38","BLCA","Black Canyon of the Gunnison National Park","NCPN","Northern Colorado Plateau Network",NA,NA
"39","BLRI","Blue Ridge Parkway","APHN","Appalachian Highlands Network",NA,NA
"40","BLRV","Blackstone River Valley National Historical Park",NA,NA,NA,NA
"41","BLSC","Blackwell School National Historic Site",NA,NA,NA,NA
"42","BLUE","Bluestone National Scenic River","ERMN","Eastern Rivers and Mountains Network",NA,NA
"43","BOAF","Boston African American National Historic Site",NA,NA,NA,NA
"44","BOHA","Boston Harbor Islands National Recreation Area","NETN","Northeast Temperate Network",NA,NA
"45","BOST","Boston National Historical Park",NA,NA,NA,NA
"46","BOWA","Booker T. Washington National Monument","MIDN","Mid-Atlantic Network",NA,NA
"47","BRCA","Bryce Canyon National Park","NCPN","Northern Colorado Plateau Network",NA,NA
"48","BRCR","Brices Cross Roads National Battlefield Site",NA,NA,NA,NA
"49","BRVB","Brown v. Board of Education National Historical Park",NA,NA,NA,NA
"50","BUFF","Buffalo National River","HTLN","Heartland Network",NA,NA
"51","BUIS","Buck Island Reef National Monument","SFCN","South Florida/Caribbean Network",NA,NA
"52","CABR","Cabrillo National Monument","MEDN","Mediterranean Coast Network",NA,NA
"53","CACH","Canyon de Chelly National Monument","SCPN","Southern Colorado Plateau Network",NA,NA
"54","CACL","Castle Clinton National Monument",NA,NA,NA,NA
"55","CACO","Cape Cod National Seashore","NCBN","Northeast Coastal and Barrier Network",NA,NA
"56","CAGR","Casa Grande Ruins National Monument","SODN","Sonoran Desert Network",NA,NA
"57","CAHA","Cape Hatteras National Seashore","SECN","Southeast Coast Network",NA,NA
"58","CAJO","Captain John Smith Chesapeake National Historic Trail",NA,NA,NA,NA
"59","CAKR","Cape Krusenstern National Monument","ARCN","Arctic Network",NA,NA
"60","CALO","Cape Lookout National Seashore","SECN","Southeast Coast Network",NA,NA
"61","CAMO","Castle Mountains National Monument",NA,NA,NA,NA
"62","CANA","Canaveral National Seashore","SECN","Southeast Coast Network",NA,NA
"63","CANE","Camp Nelson National Monument",NA,NA,NA,NA
"64","CANY","Canyonlands National Park","NCPN","Northern Colorado Plateau Network",NA,NA
"65","CARE","Capitol Reef National Park","NCPN","Northern Colorado Plateau Network",NA,NA
"66","CARI","Cane River Creole National Historical Park",NA,NA,NA,NA
"67","CARL","Carl Sandburg Home National Historic Site","CUPN","Cumberland Piedmont Network",NA,NA
"68","CASA","Castillo de San Marcos National Monument","SECN","Southeast Coast Network",NA,NA
"69","CATO","Catoctin Mountain Park","NCRN","National Capital Region Network",NA,NA
"70","CAVE","Carlsbad Caverns National Park","CHDN","Chihuahuan Desert Network",NA,NA
"71","CAVO","Capulin Volcano National Monument","SOPN","Southern Plains Network",NA,NA
"72","CAWO","Carter G. Woodson Home National Historic Site",NA,NA,NA,NA
"73","CEBE","Cedar Creek and Belle Grove National Historical Park",NA,NA,NA,NA
"74","CEBR","Cedar Breaks National Monument","NCPN","Northern Colorado Plateau Network",NA,NA
"75","CECH","César E. Chávez National Monument",NA,NA,NA,NA
"76","CHAM","Chamizal National Memorial",NA,NA,NA,NA
"77","CHAT","Chattahoochee River National Recreation Area","SECN","Southeast Coast Network",NA,NA
"78","CHCH","Chickamauga and Chattanooga National Military Park","CUPN","Cumberland Piedmont Network",NA,NA
"79","CHCU","Chaco Culture National Historical Park","SCPN","Southern Colorado Plateau Network",NA,NA
"80","CHIC","Chickasaw National Recreation Area","SOPN","Southern Plains Network",NA,NA
"81","CHIR","Chiricahua National Monument","SODN","Sonoran Desert Network",NA,NA
"82","CHIS","Channel Islands National Park","MEDN","Mediterranean Coast Network",NA,NA
"83","CHOH","Chesapeake and Ohio Canal National Historical Park","NCRN","National Capital Region Network",NA,NA
"84","CHPI","Charles Pinckney National Historic Site","SECN","Southeast Coast Network",NA,NA
"85","CHRI","Christiansted National Historic Site",NA,NA,NA,NA
"86","CHSC","Little Rock Central High School National Historic Site",NA,NA,NA,NA
"87","CHYO","Charles Young Buffalo Soldiers National Monument",NA,NA,NA,NA
"88","CIBS","Carlisle Federal Indian Boarding School National Monument",NA,NA,NA,NA
"89","CIRO","City of Rocks National Reserve","UCBN","Upper Columbia Basin Network",NA,NA
"90","CLBA","Clara Barton National Historic Site","NCRN","National Capital Region Network",NA,NA
"91","COGA","Constitution Gardens","NCRN","National Capital Region Network",NA,NA
"92","COLM","Colorado National Monument","NCPN","Northern Colorado Plateau Network",NA,NA
"93","COLO","Colonial National Historical Park","NCBN","Northeast Coastal and Barrier Network",NA,NA
"94","CONG","Congaree National Park","SECN","Southeast Coast Network",NA,NA
"95","CORO","Coronado National Memorial","SODN","Sonoran Desert Network",NA,NA
"96","COWP","Cowpens National Battlefield","CUPN","Cumberland Piedmont Network",NA,NA
"97","CRLA","Crater Lake National Park","KLMN","Klamath Network",NA,NA
"98","CRMO","Craters of the Moon National Monument",NA,NA,NA,NA
"99","CRMP","Craters of the Moon National Preserve",NA,NA,NA,NA
"100","CUGA","Cumberland Gap National Historical Park","CUPN","Cumberland Piedmont Network",NA,NA
"101","CUIS","Cumberland Island National Seashore","SECN","Southeast Coast Network",NA,NA
"102","CURE","Curecanti National Recreation Area","NCPN","Northern Colorado Plateau Network",NA,NA
"103","CUVA","Cuyahoga Valley National Park","HTLN","Heartland Network",NA,NA
"104","DAAV","Dayton Aviation Heritage National Historical Park",NA,NA,NA,NA
"105","DDEM","Dwight D. Eisenhower Memorial",NA,NA,NA,NA
"106","DELA","Middle Delaware National Scenic River","ERMN","Eastern Rivers and Mountains Network",NA,NA
"107","DENA","Denali National Park & Preserve","CAKN","Central Alaska Network",NA,NA
"108","DEPO","Devils Postpile National Monument","SIEN","Sierra Nevada Network",NA,NA
"109","DESO","De Soto National Memorial",NA,NA,NA,NA
"110","DETO","Devils Tower National Monument","NGPN","Northern Great Plains Network",NA,NA
"111","DEVA","Death Valley National Park","MOJN","Mojave Desert Network",NA,NA
"112","DEWA","Delaware Water Gap National Recreation Area","ERMN","Eastern Rivers and Mountains Network",NA,NA
"113","DINO","Dinosaur National Monument","NCPN","Northern Colorado Plateau Network",NA,NA
"114","DRTO","Dry Tortugas National Park","SFCN","South Florida/Caribbean Network",NA,NA
"115","EBLA","Ebey's Landing National Historical Reserve","NCCN","North Coast and Cascades Network",NA,NA
"116","EDAL","Edgar Allan Poe National Historic Site",NA,NA,NA,NA
"117","EDIS","Thomas Edison National Historical Park",NA,NA,NA,NA
"118","EFMO","Effigy Mounds National Monument","HTLN","Heartland Network",NA,NA
"119","EISE","Eisenhower National Historic Site","MIDN","Mid-Atlantic Network",NA,NA
"120","ELMA","El Malpais National Monument","SCPN","Southern Colorado Plateau Network",NA,NA
"121","ELMO","El Morro National Monument","SCPN","Southern Colorado Plateau Network",NA,NA
"122","ELRO","Eleanor Roosevelt National Historic Site","NETN","Northeast Temperate Network",NA,NA
"123","EUON","Eugene O'Neill National Historic Site","SFAN","San Francisco Bay Area Network",NA,NA
"124","EVER","Everglades National Park","SFCN","South Florida/Caribbean Network",NA,NA
"125","FEHA","Federal Hall National Memorial",NA,NA,NA,NA
"126","FIIS","Fire Island National Seashore","NCBN","Northeast Coastal and Barrier Network",NA,NA
"127","FILA","First Ladies National Historic Site",NA,NA,NA,NA
"128","FLFO","Florissant Fossil Beds National Monument","ROMN","Rocky Mountain Network",NA,NA
"129","FLNI","Flight 93 National Memorial",NA,NA,NA,NA
"130","FOBO","Fort Bowie National Historic Site","SODN","Sonoran Desert Network",NA,NA
"131","FOBU","Fossil Butte National Monument","NCPN","Northern Colorado Plateau Network",NA,NA
"132","FOCA","Fort Caroline National Memorial","SECN","Southeast Coast Network",NA,NA
"133","FODA","Fort Davis National Historic Site","CHDN","Chihuahuan Desert Network",NA,NA
"134","FODO","Fort Donelson National Battlefield","CUPN","Cumberland Piedmont Network",NA,NA
"135","FOFR","Fort Frederica National Monument","SECN","Southeast Coast Network",NA,NA
"136","FOLA","Fort Laramie National Historic Site","NGPN","Northern Great Plains Network",NA,NA
"137","FOLS","Fort Larned National Historic Site","SOPN","Southern Plains Network",NA,NA
"138","FOMA","Fort Matanzas National Monument","SECN","Southeast Coast Network",NA,NA
"139","FOMC","Fort McHenry National Monument and Historic Shrine",NA,NA,NA,NA
"140","FOMR","Fort Monroe National Monument",NA,NA,NA,NA
"141","FONE","Fort Necessity National Battlefield","ERMN","Eastern Rivers and Mountains Network",NA,NA
"142","FOPO","Fort Point National Historic Site","SFAN","San Francisco Bay Area Network",NA,NA
"143","FOPU","Fort Pulaski National Monument","SECN","Southeast Coast Network",NA,NA
"144","FORA","Fort Raleigh National Historic Site","SECN","Southeast Coast Network",NA,NA
"145","FOSC","Fort Scott National Historic Site",NA,NA,NA,NA
"146","FOSM","Fort Smith National Historic Site",NA,NA,NA,NA
"147","FOST","Fort Stanwix National Monument",NA,NA,NA,NA
"148","FOSU","Fort Sumter and Fort Moultrie National Historical Park","SECN","Southeast Coast Network",NA,NA
"149","FOTH","Ford's Theatre National Historic Site",NA,NA,NA,NA
"150","FOUN","Fort Union National Monument","SOPN","Southern Plains Network",NA,NA
"151","FOUS","Fort Union Trading Post National Historic Site","NGPN","Northern Great Plains Network",NA,NA
"152","FOVA","Fort Vancouver National Historic Site","NCCN","North Coast and Cascades Network",NA,NA
"153","FOWA","Fort Washington Park","NCRN","National Capital Region Network",NA,NA
"154","FRDE","Franklin Delano Roosevelt Memorial",NA,NA,NA,NA
"155","FRDO","Frederick Douglass National Historic Site","NCRN","National Capital Region Network",NA,NA
"156","FRHI","Friendship Hill National Historic Site","ERMN","Eastern Rivers and Mountains Network",NA,NA
"157","FRLA","Frederick Law Olmsted National Historic Site",NA,NA,NA,NA
"158","FRPE","Frances Perkins National Monument",NA,NA,NA,NA
"159","FRRI","Freedom Riders National Monument",NA,NA,NA,NA
"160","FRSP","Fredericksburg and Spotsylvania County Battlefields Memorial National Military Park","MIDN","Mid-Atlantic Network",NA,NA
"161","FRST","First State National Historical Park",NA,NA,NA,NA
"162","GAAR","Gates Of The Arctic National Park & Preserve","ARCN","Arctic Network",NA,NA
"163","GARI","Gauley River National Recreation Area","ERMN","Eastern Rivers and Mountains Network",NA,NA
"164","GATE","Gateway National Recreation Area","NCBN","Northeast Coastal and Barrier Network",NA,NA
"165","GEGR","General Grant National Memorial",NA,NA,NA,NA
"166","GERO","George Rogers Clark National Historical Park",NA,NA,NA,NA
"167","GETT","Gettysburg National Military Park","MIDN","Mid-Atlantic Network",NA,NA
"168","GEWA","George Washington Birthplace National Monument","NCBN","Northeast Coastal and Barrier Network",NA,NA
"169","GICL","Gila Cliff Dwellings National Monument","SODN","Sonoran Desert Network",NA,NA
"170","GLAC","Glacier National Park","ROMN","Rocky Mountain Network",NA,NA
"171","GLBA","Glacier Bay National Park & Preserve","SEAN","Southeast Alaska Network",NA,NA
"172","GLCA","Glen Canyon National Recreation Area","SCPN","Southern Colorado Plateau Network",NA,NA
"173","GOGA","Golden Gate National Recreation Area","SFAN","San Francisco Bay Area Network",NA,NA
"174","GOIS","Governors Island National Monument",NA,NA,NA,NA
"175","GOSP","Golden Spike National Historical Park","NCPN","Northern Colorado Plateau Network",NA,NA
"176","GRBA","Great Basin National Park","MOJN","Mojave Desert Network",NA,NA
"177","GRCA","Grand Canyon National Park","SCPN","Southern Colorado Plateau Network",NA,NA
"178","GREE","Greenbelt Park","NCRN","National Capital Region Network",NA,NA
"179","GRKO","Grant-Kohrs Ranch National Historic Site","ROMN","Rocky Mountain Network",NA,NA
"180","GRPO","Grand Portage National Monument","GLKN","Great Lakes Network",NA,NA
"181","GRSA","Great Sand Dunes National Park & Preserve","ROMN","Rocky Mountain Network",NA,NA
"182","GRSM","Great Smoky Mountains National Park","APHN","Appalachian Highlands Network",NA,NA
"183","GRTE","Grand Teton National Park","GRYN","Greater Yellowstone Network",NA,NA
"184","GUCO","Guilford Courthouse National Military Park","CUPN","Cumberland Piedmont Network",NA,NA
"185","GUIS","Gulf Islands National Seashore","GULN","Gulf Coast Network",NA,NA
"186","GUMO","Guadalupe Mountains National Park","CHDN","Chihuahuan Desert Network",NA,NA
"187","GWCA","George Washington Carver National Monument","HTLN","Heartland Network",NA,NA
"188","GWMP","George Washington Memorial Parkway","NCRN","National Capital Region Network",NA,NA
"189","HAFE","Harpers Ferry National Historical Park","NCRN","National Capital Region Network",NA,NA
"190","HAFO","Hagerman Fossil Beds National Monument","UCBN","Upper Columbia Basin Network",NA,NA
"191","HAGR","Hamilton Grange National Memorial",NA,NA,NA,NA
"192","HALE","Haleakala National Park","PACN","Pacific Island Network",NA,NA
"193","HAMP","Hampton National Historic Site",NA,NA,NA,NA
"194","HART","Harriet Tubman National Historical Park",NA,NA,NA,NA
"195","HATU","Harriet Tubman Underground Railroad National Historical Park",NA,NA,NA,NA
"196","HAVO","Hawai'i Volcanoes National Park","PACN","Pacific Island Network",NA,NA
"197","HEHO","Herbert Hoover National Historic Site","HTLN","Heartland Network",NA,NA
"198","HOBE","Horseshoe Bend National Military Park","SECN","Southeast Coast Network",NA,NA
"199","HOCU","Hopewell Culture National Historical Park","HTLN","Heartland Network",NA,NA
"200","HOFR","Home of Franklin D. Roosevelt National Historic Site","NETN","Northeast Temperate Network",NA,NA
"201","HOFU","Hopewell Furnace National Historic Site","MIDN","Mid-Atlantic Network",NA,NA
"202","HOME","Homestead National Historical Park","HTLN","Heartland Network",NA,NA
"203","HONO","Honouliuli National Historic Site",NA,NA,NA,NA
"204","HOSP","Hot Springs National Park","HTLN","Heartland Network",NA,NA
"205","HOVE","Hovenweep National Monument","NCPN","Northern Colorado Plateau Network",NA,NA
"206","HSTR","Harry S Truman National Historic Site",NA,NA,NA,NA
"207","HUTR","Hubbell Trading Post National Historic Site","SCPN","Southern Colorado Plateau Network",NA,NA
"208","IATR","Ice Age National Scenic Trail",NA,NA,NA,NA
"209","INDE","Independence National Historical Park",NA,NA,NA,NA
"210","INDU","Indiana Dunes National Park","GLKN","Great Lakes Network",NA,NA
"211","ISRO","Isle Royale National Park","GLKN","Great Lakes Network",NA,NA
"212","JAGA","James A. Garfield National Historic Site",NA,NA,NA,NA
"213","JAZZ","New Orleans Jazz National Historical Park",NA,NA,NA,NA
"214","JECA","Jewel Cave National Monument","NGPN","Northern Great Plains Network",NA,NA
"215","JEFF","Gateway Arch National Park",NA,NA,NA,NA
"216","JEFM","Thomas Jefferson Memorial",NA,NA,NA,NA
"217","JELA","Jean Lafitte National Historical Park and Preserve","GULN","Gulf Coast Network",NA,NA
"218","JICA","Jimmy Carter National Historical Park",NA,NA,NA,NA
"219","JODA","John Day Fossil Beds National Monument","UCBN","Upper Columbia Basin Network",NA,NA
"220","JODR","John D. Rockefeller, Jr., Memorial Parkway","GRYN","Greater Yellowstone Network",NA,NA
"221","JOFI","John Fitzgerald Kennedy National Historic Site",NA,NA,NA,NA
"222","JOFL","Johnstown Flood National Memorial","ERMN","Eastern Rivers and Mountains Network",NA,NA
"223","JOMU","John Muir National Historic Site","SFAN","San Francisco Bay Area Network",NA,NA
"224","JOTR","Joshua Tree National Park","MOJN","Mojave Desert Network",NA,NA
"225","KAHO","Kaloko-Honokohau National Historical Park","PACN","Pacific Island Network",NA,NA
"226","KALA","Kalaupapa National Historical Park","PACN","Pacific Island Network",NA,NA
"227","KATM","Katmai National Park & Preserve","SWAN","Southwest Alaska Network",NA,NA
"228","KAWW","Katahdin Woods and Waters National Monument",NA,NA,NA,NA
"229","KEFJ","Kenai Fjords National Park","SWAN","Southwest Alaska Network",NA,NA
"230","KEMO","Kennesaw Mountain National Battlefield Park","SECN","Southeast Coast Network",NA,NA
"231","KEWE","Keweenaw National Historical Park",NA,NA,NA,NA
"232","KICA","Kings Canyon National Park","SIEN","Sierra Nevada Network",NA,NA
"233","KIMO","Kings Mountain National Military Park","CUPN","Cumberland Piedmont Network",NA,NA
"234","KLGO","Klondike Gold Rush National Historical Park","SEAN","Southeast Alaska Network",NA,NA
"235","KNRI","Knife River Indian Villages National Historic Site","NGPN","Northern Great Plains Network",NA,NA
"236","KOVA","Kobuk Valley National Park","ARCN","Arctic Network",NA,NA
"237","KOWA","Korean War Veterans Memorial",NA,NA,NA,NA
"238","LABE","Lava Beds National Monument","KLMN","Klamath Network",NA,NA
"239","LACH","Lake Chelan National Recreation Area",NA,NA,NA,NA
"240","LACL","Lake Clark National Park & Preserve","SWAN","Southwest Alaska Network",NA,NA
"241","LAKE","Lake Mead National Recreation Area","MOJN","Mojave Desert Network",NA,NA
"242","LAMR","Lake Meredith National Recreation Area","SOPN","Southern Plains Network",NA,NA
"243","LARO","Lake Roosevelt National Recreation Area","UCBN","Upper Columbia Basin Network",NA,NA
"244","LAVO","Lassen Volcanic National Park","KLMN","Klamath Network",NA,NA
"245","LECL","Lewis and Clark National Historic Trail",NA,NA,NA,NA
"246","LEWI","Lewis and Clark National Historical Park","NCCN","North Coast and Cascades Network",NA,NA
"247","LIBI","Little Bighorn Battlefield National Monument","ROMN","Rocky Mountain Network",NA,NA
"248","LIBO","Lincoln Boyhood National Memorial","HTLN","Heartland Network",NA,NA
"249","LIHO","Lincoln Home National Historic Site",NA,NA,NA,NA
"250","LINC","Lincoln Memorial",NA,NA,NA,NA
"251","LIRI","Little River Canyon National Preserve","CUPN","Cumberland Piedmont Network",NA,NA
"252","LONG","Longfellow House-Washington's Headquarters National Historic Site",NA,NA,NA,NA
"253","LOSA","Lower Saint Croix National Scenic Riverway",NA,NA,NA,NA
"254","LOWE","Lowell National Historical Park",NA,NA,NA,NA
"255","LYBA","Lyndon Baines Johnson Memorial Grove on the Potomac","NCRN","National Capital Region Network",NA,NA
"256","LYJO","Lyndon B. Johnson National Historical Park","SOPN","Southern Plains Network",NA,NA
"257","MABE","Mary McLeod Bethune Council House National Historic Site",NA,NA,NA,NA
"258","MABI","Marsh-Billings-Rockefeller National Historical Park","NETN","Northeast Temperate Network",NA,NA
"259","MACA","Mammoth Cave National Park","CUPN","Cumberland Piedmont Network",NA,NA
"260","MALL","National Mall",NA,NA,NA,NA
"261","MALU","Martin Luther King, Jr., National Historical Park",NA,NA,NA,NA
"262","MANA","Manassas National Battlefield Park","NCRN","National Capital Region Network",NA,NA
"263","MANZ","Manzanar National Historic Site","MOJN","Mojave Desert Network",NA,NA
"264","MAPR","Manhattan Project National Historical Park",NA,NA,NA,NA
"265","MAVA","Martin Van Buren National Historic Site",NA,NA,NA,NA
"266","MAWA","Maggie L. Walker National Historic Site",NA,NA,NA,NA
"267","MEMY","Medgar and Myrlie Evers Home National Monument",NA,NA,NA,NA
"268","MEVE","Mesa Verde National Park","SCPN","Southern Colorado Plateau Network",NA,NA
"269","MIIN","Minidoka National Historic Site",NA,NA,NA,NA
"270","MIMA","Minute Man National Historical Park","NETN","Northeast Temperate Network",NA,NA
"271","MIMI","Minuteman Missile National Historic Site","NGPN","Northern Great Plains Network",NA,NA
"272","MISP","Mill Springs Battlefield National Monument",NA,NA,NA,NA
"273","MISS","Mississippi National River and Recreation Area","GLKN","Great Lakes Network",NA,NA
"274","MLKM","Martin Luther King, Jr., Memorial",NA,NA,NA,NA
"275","MNRR","Missouri National Recreational River","NGPN","Northern Great Plains Network",NA,NA
"276","MOCA","Montezuma Castle National Monument","SODN","Sonoran Desert Network",NA,NA
"277","MOCR","Moores Creek National Battlefield","SECN","Southeast Coast Network",NA,NA
"278","MOJA","Mojave National Preserve","MOJN","Mojave Desert Network",NA,NA
"279","MONO","Monocacy National Battlefield","NCRN","National Capital Region Network",NA,NA
"280","MORA","Mount Rainier National Park","NCCN","North Coast and Cascades Network",NA,NA
"281","MORR","Morristown National Historical Park","NETN","Northeast Temperate Network",NA,NA
"282","MORU","Mount Rushmore National Memorial","NGPN","Northern Great Plains Network",NA,NA
"283","MUWO","Muir Woods National Monument","SFAN","San Francisco Bay Area Network",NA,NA
"284","NABR","Natural Bridges National Monument","NCPN","Northern Colorado Plateau Network",NA,NA
"285","NACA","National Capital Parks","NCRN","National Capital Region Network",NA,NA
"286","NATC","Natchez National Historical Park",NA,NA,NA,NA
"287","NATR","Natchez Trace Parkway","GULN","Gulf Coast Network",NA,NA
"288","NAVA","Navajo National Monument","SCPN","Southern Colorado Plateau Network",NA,NA
"289","NEBE","New Bedford Whaling National Historical Park",NA,NA,NA,NA
"290","NEEN","New England National Scenic Trail",NA,NA,NA,NA
"291","NEPE","Nez Perce National Historical Park","UCBN","Upper Columbia Basin Network",NA,NA
"292","NEPH","New Philadelphia National Historic Site",NA,NA,NA,NA
"293","NERI","New River Gorge National Park and Preserve","ERMN","Eastern Rivers and Mountains Network",NA,NA
"294","NICO","Nicodemus National Historic Site",NA,NA,NA,NA
"295","NIOB","Niobrara National Scenic River","NGPN","Northern Great Plains Network",NA,NA
"296","NISI","Ninety Six National Historic Site","CUPN","Cumberland Piedmont Network",NA,NA
"297","NOAT","Noatak National Preserve","ARCN","Arctic Network",NA,NA
"298","NOCA","North Cascades National Park","NCCN","North Coast and Cascades Network",NA,NA
"299","NOCO","North Country National Scenic Trail",NA,NA,NA,NA
"300","NPSA","National Park of American Samoa","PACN","Pacific Island Network",NA,NA
"301","OBRI","Obed Wild and Scenic River","APHN","Appalachian Highlands Network",NA,NA
"302","OCMU","Ocmulgee Mounds National Historical Park","SECN","Southeast Coast Network",NA,NA
"303","OLYM","Olympic National Park","NCCN","North Coast and Cascades Network",NA,NA
"304","ORCA","Oregon Caves National Monument and Preserve","KLMN","Klamath Network",NA,NA
"305","ORPI","Organ Pipe Cactus National Monument","SODN","Sonoran Desert Network",NA,NA
"306","OZAR","Ozark National Scenic Riverways","HTLN","Heartland Network",NA,NA
"307","PAAL","Palo Alto Battlefield National Historical Park","GULN","Gulf Coast Network",NA,NA
"308","PAAV","Pennsylvania Avenue National Historic Site",NA,NA,NA,NA
"309","PAGR","Paterson Great Falls National Historical Park",NA,NA,NA,NA
"310","PAIS","Padre Island National Seashore","GULN","Gulf Coast Network",NA,NA
"311","PECO","Pecos National Historical Park","SOPN","Southern Plains Network",NA,NA
"312","PEFO","Petrified Forest National Park","SCPN","Southern Colorado Plateau Network",NA,NA
"313","PERI","Pea Ridge National Military Park","HTLN","Heartland Network",NA,NA
"314","PERL","Pearl Harbor National Memorial","PACN","Pacific Island Network",NA,NA
"315","PETE","Petersburg National Battlefield","MIDN","Mid-Atlantic Network",NA,NA
"316","PETR","Petroglyph National Monument","SCPN","Southern Colorado Plateau Network",NA,NA
"317","PEVI","Perry's Victory and International Peace Memorial",NA,NA,NA,NA
"318","PIMA","Hohokam Pima National Monument",NA,NA,NA,NA
"319","PINN","Pinnacles National Park","SFAN","San Francisco Bay Area Network",NA,NA
"320","PIPE","Pipestone National Monument","HTLN","Heartland Network",NA,NA
"321","PIRO","Pictured Rocks National Lakeshore","GLKN","Great Lakes Network",NA,NA
"322","PISC","Piscataway Park","NCRN","National Capital Region Network",NA,NA
"323","PISP","Pipe Spring National Monument","NCPN","Northern Colorado Plateau Network",NA,NA
"324","POCH","Port Chicago Naval Magazine National Memorial","SFAN","San Francisco Bay Area Network",NA,NA
"325","POPO","Poverty Point National Monument",NA,NA,NA,NA
"326","PORE","Point Reyes National Seashore","SFAN","San Francisco Bay Area Network",NA,NA
"327","PRWI","Prince William Forest Park","NCRN","National Capital Region Network",NA,NA
"328","PUHE","Pu'ukohola Heiau National Historic Site","PACN","Pacific Island Network",NA,NA
"329","PUHO","Pu'uhonua o Honaunau National Historical Park","PACN","Pacific Island Network",NA,NA
"330","PULL","Pullman National Historical Park",NA,NA,NA,NA
"331","RABR","Rainbow Bridge National Monument","SCPN","Southern Colorado Plateau Network",NA,NA
"332","REDW","Redwood National Park","KLMN","Klamath Network",NA,NA
"333","REER","Reconstruction Era National Historical Park",NA,NA,NA,NA
"334","RICH","Richmond National Battlefield Park","MIDN","Mid-Atlantic Network",NA,NA
"335","RIGR","Rio Grande Wild and Scenic River","CHDN","Chihuahuan Desert Network",NA,NA
"336","RIRA","River Raisin National Battlefield Park",NA,NA,NA,NA
"337","ROCR","Rock Creek Park","NCRN","National Capital Region Network",NA,NA
"338","ROLA","Ross Lake National Recreation Area",NA,NA,NA,NA
"339","ROMO","Rocky Mountain National Park","ROMN","Rocky Mountain Network",NA,NA
"340","RORI","Rosie the Riveter/World War II Home Front National Historical Park",NA,NA,NA,NA
"341","ROWI","Roger Williams National Memorial",NA,NA,NA,NA
"342","RRBH","Ronald Reagan Boyhood Home National Historic Site",NA,NA,NA,NA
"343","RUCA","Russell Cave National Monument","CUPN","Cumberland Piedmont Network",NA,NA
"344","SAAN","San Antonio Missions National Historical Park","GULN","Gulf Coast Network",NA,NA
"345","SACN","Saint Croix National Scenic Riverway","GLKN","Great Lakes Network",NA,NA
"346","SACR","Saint Croix Island International Historic Site",NA,NA,NA,NA
"347","SAFR","San Francisco Maritime National Historical Park",NA,NA,NA,NA
"348","SAGA","Saint-Gaudens National Historical Park","NETN","Northeast Temperate Network",NA,NA
"349","SAGU","Saguaro National Park","SODN","Sonoran Desert Network",NA,NA
"350","SAHI","Sagamore Hill National Historic Site","NCBN","Northeast Coastal and Barrier Network",NA,NA
"351","SAIR","Saugus Iron Works National Historic Site","NETN","Northeast Temperate Network",NA,NA
"352","SAJH","San Juan Island National Historical Park","NCCN","North Coast and Cascades Network",NA,NA
"353","SAJU","San Juan National Historic Site",NA,NA,NA,NA
"354","SAMA","Salem Maritime National Historic Site",NA,NA,NA,NA
"355","SAMO","Santa Monica Mountains National Recreation Area","MEDN","Mediterranean Coast Network",NA,NA
"356","SAND","Sand Creek Massacre National Historic Site","SOPN","Southern Plains Network",NA,NA
"357","SAPA","Saint Paul's Church National Historic Site",NA,NA,NA,NA
"358","SAPU","Salinas Pueblo Missions National Monument","SCPN","Southern Colorado Plateau Network",NA,NA
"359","SARA","Saratoga National Historical Park","NETN","Northeast Temperate Network",NA,NA
"360","SARI","Salt River Bay National Historical Park and Ecological Preserve","SFCN","South Florida/Caribbean Network",NA,NA
"361","SCBL","Scotts Bluff National Monument","NGPN","Northern Great Plains Network",NA,NA
"362","SEMO","Selma to Montgomery National Historic Trail",NA,NA,NA,NA
"363","SEQU","Sequoia National Park","SIEN","Sierra Nevada Network",NA,NA
"364","SHEN","Shenandoah National Park","MIDN","Mid-Atlantic Network",NA,NA
"365","SHIL","Shiloh National Military Park","CUPN","Cumberland Piedmont Network",NA,NA
"366","SITK","Sitka National Historical Park","SEAN","Southeast Alaska Network",NA,NA
"367","SLBE","Sleeping Bear Dunes National Lakeshore","GLKN","Great Lakes Network",NA,NA
"368","SPAR","Springfield Armory National Historic Site",NA,NA,NA,NA
"369","SPRA","Springfield 1908 Race Riot National Monument",NA,NA,NA,NA
"370","STEA","Steamtown National Historic Site",NA,NA,NA,NA
"371","STGE","Ste. Genevieve National Historical Park",NA,NA,NA,NA
"372","STLI","Statue of Liberty National Monument",NA,NA,NA,NA
"373","STON","Stonewall National Monument",NA,NA,NA,NA
"374","STRI","Stones River National Battlefield","CUPN","Cumberland Piedmont Network",NA,NA
"375","SUCR","Sunset Crater Volcano National Monument","SCPN","Southern Colorado Plateau Network",NA,NA
"376","TAPR","Tallgrass Prairie National Preserve","HTLN","Heartland Network",NA,NA
"377","THIS","Theodore Roosevelt Island","NCRN","National Capital Region Network",NA,NA
"378","THKO","Thaddeus Kosciuszko National Memorial",NA,NA,NA,NA
"379","THRB","Theodore Roosevelt Birthplace National Historic Site",NA,NA,NA,NA
"380","THRI","Theodore Roosevelt Inaugural National Historic Site",NA,NA,NA,NA
"381","THRO","Theodore Roosevelt National Park","NGPN","Northern Great Plains Network",NA,NA
"382","THST","Thomas Stone National Historic Site","NCBN","Northeast Coastal and Barrier Network",NA,NA
"383","TICA","Timpanogos Cave National Monument","NCPN","Northern Colorado Plateau Network",NA,NA
"384","TILL","Emmett Till and Mamie Till-Mobley National Monument",NA,NA,NA,NA
"385","TIMU","Timucuan Ecological and Historic Preserve","SECN","Southeast Coast Network",NA,NA
"386","TONT","Tonto National Monument","SODN","Sonoran Desert Network",NA,NA
"387","TUAI","Tuskegee Airmen National Historic Site",NA,NA,NA,NA
"388","TUIN","Tuskegee Institute National Historic Site",NA,NA,NA,NA
"389","TULE","Tule Lake National Monument",NA,NA,NA,NA
"390","TUMA","Tumacacori National Historical Park","SODN","Sonoran Desert Network",NA,NA
"391","TUPE","Tupelo National Battlefield","GULN","Gulf Coast Network",NA,NA
"392","TUSK","Tule Springs Fossil Beds National Monument","MOJN","Mojave Desert Network",NA,NA
"393","TUZI","Tuzigoot National Monument","SODN","Sonoran Desert Network",NA,NA
"394","ULSG","Ulysses S. Grant National Historic Site",NA,NA,NA,NA
"395","UPDE","Upper Delaware Scenic and Recreational River","ERMN","Eastern Rivers and Mountains Network",NA,NA
"396","VAFO","Valley Forge National Historical Park","MIDN","Mid-Atlantic Network",NA,NA
"397","VALL","Valles Caldera National Preserve",NA,NA,NA,NA
"398","VAMA","Vanderbilt Mansion National Historic Site","NETN","Northeast Temperate Network",NA,NA
"399","VICK","Vicksburg National Military Park","GULN","Gulf Coast Network",NA,NA
"400","VICR","Virgin Islands Coral Reef National Monument","SFCN","South Florida/Caribbean Network",NA,NA
"401","VIIS","Virgin Islands National Park","SFCN","South Florida/Caribbean Network",NA,NA
"402","VIVE","Vietnam Veterans Memorial",NA,NA,NA,NA
"403","VOYA","Voyageurs National Park","GLKN","Great Lakes Network",NA,NA
"404","WABA","Washita Battlefield National Historic Site","SOPN","Southern Plains Network",NA,NA
"405","WACA","Walnut Canyon National Monument","SCPN","Southern Colorado Plateau Network",NA,NA
"406","WACO","Waco Mammoth National Monument",NA,NA,NA,NA
"407","WAMO","Washington Monument",NA,NA,NA,NA
"408","WAPA","War in the Pacific National Historical Park","PACN","Pacific Island Network",NA,NA
"409","WEFA","Weir Farm National Historical Park","NETN","Northeast Temperate Network",NA,NA
"410","WHHO","White House",NA,NA,NA,NA
"411","WHIS","Whiskeytown-Shasta-Trinity National Recreation Area","KLMN","Klamath Network",NA,NA
"412","WHMI","Whitman Mission National Historic Site","UCBN","Upper Columbia Basin Network",NA,NA
"413","WHSA","White Sands National Park","CHDN","Chihuahuan Desert Network",NA,NA
"414","WICA","Wind Cave National Park","NGPN","Northern Great Plains Network",NA,NA
"415","WICL","President William Jefferson Clinton Birthplace Home National Historic Site",NA,NA,NA,NA
"416","WICR","Wilson's Creek National Battlefield","HTLN","Heartland Network",NA,NA
"417","WIHO","William Howard Taft National Historic Site",NA,NA,NA,NA
"418","WORI","Women's Rights National Historical Park",NA,NA,NA,NA
"419","WOTR","Wolf Trap National Park for the Performing Arts","NCRN","National Capital Region Network",NA,NA
"420","WRBR","Wright Brothers National Memorial","SECN","Southeast Coast Network",NA,NA
"421","WRST","Wrangell - St Elias National Park & Preserve","CAKN","Central Alaska Network",NA,NA
"422","WSALAG","Alagnak Wild and Scenic River","SWAN","Southwest Alaska Network","ALAG","Alagnak Wild River"
"423","WSALAT","Alatna Wild and Scenic River","ARCN","Arctic Network","GAAR","Gates Of The Arctic National Park & Preserve"
"424","WSANIA","Aniakchak Wild and Scenic River","SWAN","Southwest Alaska Network","ANIA","Aniakchak National Monument & Preserve"
"425","WSBLUE","Bluestone Wild and Scenic River","ERMN","Eastern Rivers and Mountains Network","BLUE","Bluestone National Scenic River"
"426","WSCAPO","Cache la Poudre Wild and Scenic River","ROMN","Rocky Mountain Network","ROMO","Rocky Mountain National Park"
"427","WSCHAR","Charley Wild and Scenic River","ARCN","Arctic Network","GAAR","Gates Of The Arctic National Park & Preserve"
"428","WSCHIL","Chilikadrotna Wild and Scenic River","SWAN","Southwest Alaska Network","LACL","Lake Clark National Park & Preserve"
"429","WSEIGH","Eightmile Wild and Scenic River",NA,NA,"NERO","Northeast Region Office"
"430","WSFLAT","Flathead Wild and Scenic River","ROMN","Rocky Mountain Network","GLAC","Glacier National Park"
"431","WSGREG","Great Egg Harbor Wild and Scenic River",NA,NA,"GREG","Great Egg Harbor River"
"432","WSJOHN","John Wild and Scenic River","ARCN","Arctic Network","GAAR","Gates Of The Arctic National Park & Preserve"
"433","WSKERN","Kern Wild and Scenic River","SIEN","Sierra Nevada Network","SEKI","Sequoia & Kings Canyon National Parks"
"434","WSKING","Kings Wild and Scenic River","SIEN","Sierra Nevada Network","SEKI","Sequoia & Kings Canyon National Parks"
"435","WSKOBU","Kobuk Wild and Scenic River","ARCN","Arctic Network","GAAR","Gates Of The Arctic National Park & Preserve"
"436","WSLAMP","Lamprey Wild and Scenic River",NA,NA,"NERO","Northeast Region Office"
"437","WSLODE","Delaware (Lower) Wild and Scenic River","ERMN","Eastern Rivers and Mountains Network","DEWA","Delaware Water Gap National Recreation Area"
"438","WSLOFA","Lower Farmington River and Salmon Brook Wild and Scenic River",NA,NA,"NERO","Northeast Region Office"
"439","WSMAUR","Maurice Wild and Scenic River",NA,NA,"PHSO","Philadelphia Support Office"
"440","WSMERC","Merced Wild and Scenic River","SIEN","Sierra Nevada Network","YOSE","Yosemite National Park"
"441","WSMIDE","Delaware (Middle) Wild and Scenic River","ERMN","Eastern Rivers and Mountains Network","DEWA","Delaware Water Gap National Recreation Area"
"442","WSMISO","Missouri Wild and Scenic River","NGPN","Northern Great Plains Network","MNRR","Missouri National Recreational River"
"443","WSMITR","Missisquoi & Trout Wild and Scenic River",NA,NA,"NERO","Northeast Region Office"
"444","WSMULC","Mulchatna Wild and Scenic River","SWAN","Southwest Alaska Network","LACL","Lake Clark National Park & Preserve"
"445","WSMUSC","Musconetcong Wild and Scenic River",NA,NA,"PHSO","Philadelphia Support Office"
"446","WSNASQ","Nashua,Squannacook,and Nissitissit Wild and Scenic Rivers",NA,NA,"NERO","Northeast Region Office"
"447","WSNFKO","North Fork Koyukuk Wild and Scenic River","ARCN","Arctic Network","GAAR","Gates Of The Arctic National Park & Preserve"
"448","WSNIOB","Niobrara Wild and Scenic River","NGPN","Northern Great Plains Network","NIOB","Niobrara National Scenic River"
"449","WSNOAT","Noatak Wild and Scenic River","ARCN","Arctic Network","GAAR","Gates Of The Arctic National Park & Preserve"
"450","WSOBED","Obed Wild and Scenic River","APHN","Appalachian Highlands Network","OBRI","Obed Wild and Scenic River"
"451","WSRIGR","Rio Grande Wild and Scenic River","CHDN","Chihuahuan Desert Network","RIGR","Rio Grande Wild and Scenic River"
"452","WSSACR","St. Croix Wild and Scenic River","GLKN","Great Lakes Network","SACN","Saint Croix National Scenic Riverway"
"453","WSSALM","Salmon Wild and Scenic River","ARCN","Arctic Network","KOVA","Kobuk Valley National Park"
"454","WSSNAK","Snake River Headwaters Wild and Scenic River","GRYN","Greater Yellowstone Network","GRTE","Grand Teton National Park"
"455","WSSTYX","River Styx Wild and Scenic River","KLMN","Klamath Network","ORCA","Oregon Caves National Monument & Preserve"
"456","WSSUAS","Sudbury, Assabet and Concord Wild and Scenic River",NA,NA,"NERO","Northeast Region Office"
"457","WSSUCA","Surprise Canyon Creek Wild and Scenic River","MOJN","Mojave Desert Network","DEVA","Death Valley National Park"
"458","WSTAUN","Taunton Wild and Scenic River",NA,NA,"NERO","Northeast Region Office"
"459","WSTINA","Tinayguk Wild and Scenic River","ARCN","Arctic Network","GAAR","Gates Of The Arctic National Park & Preserve"
"460","WSTLIK","Tlikakila Wild and Scenic River","SWAN","Southwest Alaska Network","LACL","Lake Clark National Park & Preserve"
"461","WSTUOL","Tuolumne Wild and Scenic River","SIEN","Sierra Nevada Network","YOSE","Yosemite National Park"
"462","WSUPDE","Delaware (Upper) Wild and Scenic River","ERMN","Eastern Rivers and Mountains Network","UPDE","Upper Delaware Scenic & Recreational River"
"463","WSVIRG","Virgin Wild and Scenic River","NCPN","Northern Colorado Plateau Network","ZION","Zion National Park"
"464","WSWBFA","West Branch Farmington Wild and Scenic River",NA,NA,"NERO","Northeast Region Office"
"465","WSWEKI","Wekiva Wild and Scenic River",NA,NA,"SERO","Southeast Region Office"
"466","WSWEST","Westfield Wild and Scenic River",NA,NA,"NERO","Northeast Region Office"
"467","WSWHCL","White Clay Wild and Scenic River",NA,NA,"PHSO","Philadelphia Support Office"
"468","WSWOPA","Wood-Pawcatuck Watershed Wild and Scenic River",NA,NA,"NERO","Northeast Region Office"
"469","WUPA","Wupatki National Monument","SCPN","Southern Colorado Plateau Network",NA,NA
"470","WWII","World War II Memorial",NA,NA,NA,NA
"471","WWIM","World War I Memorial",NA,NA,NA,NA
"472","YELL","Yellowstone National Park","GRYN","Greater Yellowstone Network",NA,NA
"473","YOSE","Yosemite National Park","SIEN","Sierra Nevada Network",NA,NA
"474","YUCH","Yukon-Charley Rivers National Preserve","CAKN","Central Alaska Network",NA,NA
"475","YUHO","Yucca House National Monument","SCPN","Southern Colorado Plateau Network",NA,NA
"476","ZION","Zion National Park","NCPN","Northern Colorado Plateau Network",NA,NA
